{"cameraMode":{"drawMode":0,"name":"Shaded","section":"Shading Mode"},"sceneLighting":false,"audioPlay":false,"sceneViewState":{"m_AlwaysRefresh":false,"showFog":true,"showSkybox":false,"showFlares":true,"showImageEffects":true,"showParticleSystems":true,"showVisualEffectGraphs":true,"m_FxEnabled":true},"in2DMode":false,"pivot":{"x":-0.16296695172786714,"y":0.12465342879295349,"z":-0.30584484338760378},"rotation":{"x":-0.07636383175849915,"y":-0.04306309297680855,"z":0.003297781338915229,"w":-0.9961483478546143},"size":0.5544472336769104,"orthographic":false}